rho_A,sigma,alpha,beta,pool_dim,seed,R2_ridge,R2_mlp,R2_gap,Rhat_ridge,Rhat_mlp,Rhat_gap,drop_S_ridge,drop_E_ridge,drop_S_mlp,drop_E_mlp
0.3,0.1,0.0,0.0,64,0,0.3677404522895813,0.2761809527873993,-0.091559499502182,0.0029580716776467357,0.000870115404330685,-0.0020879562733160505,0.0022280613581339517,0.7509860595067342,0.0005063215891520182,0.5813953280448914
0.3,0.1,0.0,0.0,64,1,0.3678290545940399,0.27202174067497253,-0.09580731391906738,0.0021815514815801003,0.0,-0.0021815514815801003,0.001653840144475301,0.756448894739151,-0.00031333168347676593,0.5633607904116312
0.3,0.1,0.0,0.0,64,2,0.36599618196487427,0.2760806381702423,-0.08991554379463196,0.0012994584789652564,0.001788264748661039,0.0004888062696957827,0.0009789069493611653,0.7523402372996012,0.0010299980640411377,0.574946274360021
0.3,0.1,0.0,0.0,128,0,0.507529616355896,0.3562668561935425,-0.15126276016235352,0.002827771413376828,0.001554208140118245,-0.0012735632732585832,0.0029643774032592773,1.0453443328539531,0.0011648436387379963,0.7483124037583669
0.3,0.1,0.0,0.0,128,1,0.5088123083114624,0.353800505399704,-0.15501180291175842,0.0027180622392975113,0.0016891739903909706,-0.0010288882489065407,0.002856274445851644,1.047993262608846,0.0012700458367665608,0.7506038546562195
0.3,0.1,0.0,0.0,128,2,0.5041568279266357,0.35436728596687317,-0.14978954195976257,0.002705913904390686,0.0016917312879265267,-0.0010141826164641592,0.0028177102406819663,1.0384978453318279,0.0012702743212382,0.7496021191279093
0.3,0.1,0.0,0.0,512,0,0.9839016795158386,0.5749393105506897,-0.4089623689651489,0.004088896968036948,0.0031996274233567898,-0.0008892695446801584,0.008042534192403158,1.958877702554067,0.0037078857421875,1.1551413337389629
0.3,0.1,0.0,0.0,512,1,0.9839017391204834,0.5759075880050659,-0.4079941511154175,0.00415259513635306,0.0033787377616939875,-0.0007738573746590726,0.008167922496795654,1.9587761759757996,0.003923237323760986,1.1572314898173015
0.3,0.1,0.0,0.0,512,2,0.983919084072113,0.5720767378807068,-0.41184234619140625,0.004152092667575123,0.0034543576102267666,-0.0006977350573483566,0.008165717124938965,1.9584852655728657,0.003976643085479736,1.147219479084015
0.3,0.1,0.0,0.0,1024,0,0.9599214196205139,0.535150408744812,-0.4247710108757019,0.028493378306564662,0.003466068909029562,-0.0250273093975351,0.05514633655548096,1.880262513955434,0.0038190881411234536,1.098030944665273
0.3,0.1,0.0,0.0,1024,1,0.9598475098609924,0.5352337956428528,-0.42461371421813965,0.029064121702700608,0.003525280913050856,-0.025538840789649752,0.05624626080195109,1.879000961780548,0.0038864612579345703,1.0985678831736247
0.3,0.1,0.0,0.0,1024,2,0.9599624276161194,0.534793496131897,-0.4251689314842224,0.028980577330026135,0.0034755386073818915,-0.025505038722644244,0.05607710282007853,1.878912051518758,0.003831624984741211,1.0986233949661255
0.3,0.1,0.0,0.3,64,0,0.37797126173973083,0.2794474959373474,-0.09852376580238342,0.014024105366471896,0.006695098961729895,-0.007329006404742001,0.010873725016911825,0.7644858956336975,0.003917018572489421,0.5811405877272288
0.3,0.1,0.0,0.3,64,1,0.37638387084007263,0.2762679159641266,-0.10011595487594604,0.013450268636773857,0.005491493288301793,-0.007958775348472065,0.010345697402954102,0.7588357726732889,0.0031280716260274253,0.5664932429790497
0.3,0.1,0.0,0.3,64,2,0.3756258189678192,0.28343209624290466,-0.09219372272491455,0.013874011277438366,0.005534771399000272,-0.008339239878438095,0.010740300019582113,0.7633905410766602,0.0032557149728139243,0.5849736332893372
0.3,0.1,0.0,0.3,128,0,0.5164092779159546,0.3582172989845276,-0.158191978931427,0.013572158007532196,0.0057965828684757624,-0.007775575139056434,0.014458795388539633,1.0508688688278198,0.00437052051226298,0.7496117154757181
0.3,0.1,0.0,0.3,128,1,0.517478883266449,0.35740745067596436,-0.16007143259048462,0.013497097758751683,0.005920092928665962,-0.007577004830085721,0.014372567335764566,1.0504909753799438,0.004407743612925212,0.7401318550109863
0.3,0.1,0.0,0.3,128,2,0.5155191421508789,0.35816407203674316,-0.15735507011413574,0.01396573399219686,0.006186255971360564,-0.0077794780208362965,0.014822185039520264,1.046502987543742,0.004656761884689331,0.7481025656064352
0.3,0.1,0.0,0.3,512,0,0.9843674898147583,0.5745595693588257,-0.4098079204559326,0.004290863457158556,0.0037034514727423964,-0.0005874119844161592,0.008425533771514893,1.955173134803772,0.004268844922383626,1.1483977834383647
0.3,0.1,0.0,0.3,512,1,0.9843324422836304,0.5752772092819214,-0.409055233001709,0.004357750818283597,0.003733177697489081,-0.0006245731207945157,0.008561511834462484,1.9561014970143635,0.004309475421905518,1.1500624219576518
0.3,0.1,0.0,0.3,512,2,0.9843510389328003,0.57745361328125,-0.4068974256515503,0.004351830178575497,0.003781970690690699,-0.0005698594878847984,0.008548001448313395,1.9556833902994792,0.0043865640958150225,1.1554754376411438
0.3,0.1,0.0,0.3,1024,0,0.9612377882003784,0.5382131338119507,-0.42302465438842773,0.029604819841188797,0.004063344792660681,-0.025541475048528117,0.05735377470652262,1.8799582918485005,0.004486680030822754,1.0996972521146138
0.3,0.1,0.0,0.3,1024,1,0.9611122012138367,0.5378513336181641,-0.4232608675956726,0.030152106614753628,0.003930837290763459,-0.02622126932399017,0.058439016342163086,1.8797013958295186,0.004333297411600749,1.0980520447095234
0.3,0.1,0.0,0.3,1024,2,0.9612494111061096,0.5373805165290833,-0.42386889457702637,0.030074205685886646,0.003971362964864456,-0.02610284272102219,0.05827305714289347,1.8793693780899048,0.004369656244913737,1.0959216753641765
0.3,0.1,0.0,0.6,64,0,0.4728155732154846,0.34170523285865784,-0.13111034035682678,0.03782382163453827,0.01608309885975957,-0.0217407227747787,0.036558965841929116,0.9300003151098887,0.01100104053815206,0.67301145195961
0.3,0.1,0.0,0.6,64,1,0.47052648663520813,0.3378428816795349,-0.13268360495567322,0.03911204574749769,0.015599047059896044,-0.023512998687601643,0.03743217388788859,0.9196175833543142,0.01072421669960022,0.6767675677935282
0.3,0.1,0.0,0.6,64,2,0.4725987911224365,0.342611163854599,-0.12998762726783752,0.040100440194285145,0.016364618598968247,-0.023735821595316897,0.038647234439849854,0.9251136183738708,0.011322557926177979,0.6805700063705444
0.3,0.1,0.0,0.6,128,0,0.5916743874549866,0.40073251724243164,-0.19094187021255493,0.03214181345750476,0.013186571190634308,-0.018955242266870453,0.03888219594955444,1.1708254019419353,0.010828733444213867,0.8103652894496918
0.3,0.1,0.0,0.6,128,1,0.5888469815254211,0.39505597949028015,-0.193791002035141,0.03294987733570427,0.013706410350285018,-0.019243466985419254,0.039687017599741616,1.1647793054580688,0.010932326316833496,0.7866744895776113
0.3,0.1,0.0,0.6,128,2,0.5916293859481812,0.39957699179649353,-0.19205239415168762,0.03235490174476004,0.012705338476587984,-0.019649563268172052,0.03897064924240112,1.165503700574239,0.01023206114768982,0.795103520154953
0.3,0.1,0.0,0.6,512,0,0.9856977462768555,0.5936288833618164,-0.39206886291503906,0.005051761948647008,0.005253921668859496,0.0002021597202124881,0.009875794251759848,1.9450449546178181,0.006179233392079671,1.1699390610059102
0.3,0.1,0.0,0.6,512,1,0.9856709241867065,0.5936418771743774,-0.3920290470123291,0.005106803479934429,0.005388613084899347,0.0002818096049649176,0.00999683141708374,1.9475547870000203,0.006337026755015056,1.1696662704149883
0.3,0.1,0.0,0.6,512,2,0.9856839179992676,0.5902010798454285,-0.3954828381538391,0.0050987840664216645,0.005266737044293677,0.0001679529778720124,0.009974797566731771,1.9463342825571697,0.006142059961954753,1.1600562731424968
0.3,0.1,0.0,0.6,1024,0,0.9652339816093445,0.557059645652771,-0.4081743359565735,0.03372961323603421,0.00575572840576142,-0.027973884830272792,0.06565481424331665,1.88084880510966,0.006458063920338948,1.1155656774838765
0.3,0.1,0.0,0.6,1024,1,0.9651226997375488,0.5557560920715332,-0.4093666076660156,0.034208596980948656,0.005610299177710738,-0.02859829780323792,0.06667061646779378,1.8822727004686992,0.0062759121259053545,1.1123653451601665
0.3,0.1,0.0,0.6,1024,2,0.9652190804481506,0.554967999458313,-0.41025108098983765,0.03413337615572487,0.005632337698029162,-0.028501038457695707,0.06648073593775432,1.8811946312586467,0.0062901973724365234,1.110510269800822
0.3,0.1,0.0,0.85,64,0,0.7323001623153687,0.4775620102882385,-0.2547381520271301,0.05575274295202954,0.015613147911342802,-0.04013959504068674,0.08295947313308716,1.4050296147664387,0.014578392108281454,0.9191469649473826
0.3,0.1,0.0,0.85,64,1,0.724586546421051,0.4668848216533661,-0.25770172476768494,0.05498768902286176,0.01670997795169534,-0.03827771107116642,0.08112575610478719,1.3942182262738545,0.015228937069574991,0.8961389362812042
0.3,0.1,0.0,0.85,64,2,0.7203691601753235,0.4682897627353668,-0.25207939743995667,0.054684827745624255,0.017056588180636365,-0.03762823956498789,0.07967414458592732,1.377295692761739,0.015467445055643717,0.8913636803627014
0.3,0.1,0.0,0.85,128,0,0.7807906866073608,0.503160297870636,-0.27763038873672485,0.04333650775063477,0.015366939136330958,-0.027969568614303816,0.06844029823939006,1.5108355085055034,0.014972100655237833,0.9593338767687479
0.3,0.1,0.0,0.85,128,1,0.7754191160202026,0.5030401349067688,-0.27237898111343384,0.04251867110455174,0.01624465103996059,-0.026274020064591154,0.06689554452896118,1.5064260760943096,0.01585500439008077,0.9601588447888693
0.3,0.1,0.0,0.85,128,2,0.7783865928649902,0.4991985261440277,-0.2791880667209625,0.04460809150179429,0.015487005333018954,-0.029121086168775335,0.07003835837046306,1.5000435709953308,0.014882246653238932,0.9460683266321818
0.3,0.1,0.0,0.85,512,0,0.987367570400238,0.6497915387153625,-0.3375760316848755,0.007030258510045646,0.008139836769654078,0.001109578259608432,0.013614495595296225,1.9229423999786377,0.010100046793619791,1.2307168245315552
0.3,0.1,0.0,0.85,512,1,0.9874585270881653,0.6503458619117737,-0.3371126651763916,0.007053060842098203,0.008529734848993935,0.0014766740068957321,0.013689200083414713,1.9271986484527588,0.010592003663380941,1.231182078520457
0.3,0.1,0.0,0.85,512,2,0.9874143600463867,0.6493051052093506,-0.33810925483703613,0.007052450869294065,0.008216971764062192,0.0011645208947681273,0.01367624600728353,1.9255426526069641,0.010210096836090088,1.2323518991470337
0.3,0.1,0.0,0.85,1024,0,0.9703793525695801,0.6190723180770874,-0.3513070344924927,0.042867067432606584,0.009400383895939078,-0.033466683536667506,0.08429507414499919,1.8821346163749695,0.011239429314931234,1.184395710627238
0.3,0.1,0.0,0.85,1024,1,0.9704350233078003,0.61697918176651,-0.3534558415412903,0.04325521757952437,0.0087491832342945,-0.03450603434522987,0.0852423906326294,1.8854421973228455,0.010426978270212809,1.1813389261563618
0.3,0.1,0.0,0.85,1024,2,0.9704028964042664,0.6173553466796875,-0.35304754972457886,0.04325850439063242,0.009382758776502052,-0.03387574561413037,0.08518276611963908,1.883973757425944,0.011188685894012451,1.181284248828888
0.5,0.1,0.0,0.0,64,0,0.3664083480834961,0.27278387546539307,-0.09362447261810303,0.007829477601062238,0.005322420454573961,-0.0025070571464882764,0.005869458119074504,0.7437920669714609,0.002992848555246989,0.5593168338139852
0.5,0.1,0.0,0.0,64,1,0.3661600351333618,0.2722432017326355,-0.09391683340072632,0.00673447185129631,0.003945823251843923,-0.0027886485994523874,0.0050749679406483965,0.7485057214895884,0.002277801434199015,0.5749911963939667
0.5,0.1,0.0,0.0,64,2,0.3636465072631836,0.27405107021331787,-0.08959543704986572,0.0058074914347523285,0.004122629807860612,-0.0016848616268917167,0.0043420493602752686,0.7433214485645294,0.0023900866508483887,0.5773579776287079
0.5,0.1,0.0,0.0,128,0,0.5060479044914246,0.354377418756485,-0.15167048573493958,0.00852874731107136,0.003981192123239937,-0.004547555187831422,0.008897791306177774,1.0343728065490723,0.0029980838298797607,0.7500637471675873
0.5,0.1,0.0,0.0,128,1,0.5075258016586304,0.35199910402297974,-0.15552669763565063,0.00859544830306486,0.005605503131055455,-0.002989945172009405,0.008993407090504965,1.0373053749402363,0.004194100697835286,0.7440171837806702
0.5,0.1,0.0,0.0,128,2,0.5020560026168823,0.3520481586456299,-0.15000784397125244,0.008372422407843524,0.004491406761782913,-0.003881015646060611,0.008674561977386475,1.0274129112561543,0.003356019655863444,0.7438530027866364
0.5,0.1,0.0,0.0,512,0,0.9810838103294373,0.5715745091438293,-0.4095093011856079,0.012537106492907723,0.009584442112958213,-0.00295266437994951,0.024480382601420086,1.9281537930170696,0.011061429977416992,1.1430412133534749
0.5,0.1,0.0,0.0,512,1,0.9810521006584167,0.568730890750885,-0.41232120990753174,0.01273321514292731,0.009910281689578913,-0.0028229334533483967,0.02486872673034668,1.9281907677650452,0.011350909868876139,1.1340161164601643
0.5,0.1,0.0,0.0,512,2,0.9811050891876221,0.5681207776069641,-0.41298431158065796,0.012705455646163585,0.00988474699824572,-0.002820708647917865,0.024806896845499676,1.9276533325513203,0.011311014493306478,1.1329787174860637
0.5,0.1,0.0,0.0,1024,0,0.9616212248802185,0.5069700479507446,-0.4546511769294739,0.07726367226186595,0.010550920850677194,-0.06671275141118876,0.1497384508450826,1.7882803678512573,0.011109431584676107,1.0418253540992737
0.5,0.1,0.0,0.0,1024,1,0.9615922570228577,0.5059707164764404,-0.45562154054641724,0.07861539369688877,0.010633750036959662,-0.06798164365992912,0.15238505601882935,1.785976489384969,0.011157562335332235,1.038101851940155
0.5,0.1,0.0,0.0,1024,2,0.961707353591919,0.5053267478942871,-0.45638060569763184,0.07835229828058705,0.010656327115511345,-0.06769597116507571,0.15182354052861533,1.785880188147227,0.011162598927815756,1.036346435546875
0.5,0.1,0.0,0.3,64,0,0.37734174728393555,0.27867913246154785,-0.0986626148223877,0.020614018453185,0.008863621501121105,-0.011750396952063896,0.015917450189590454,0.7562488416830698,0.00516773263613383,0.577859491109848
0.5,0.1,0.0,0.3,64,1,0.37514832615852356,0.2739044725894928,-0.10124385356903076,0.019738377360404444,0.00890559652740388,-0.010832780833000565,0.015081912279129028,0.7490088740984598,0.005078643560409546,0.5651968618233999
0.5,0.1,0.0,0.3,64,2,0.3739272952079773,0.2796376347541809,-0.09428966045379639,0.01976237510358959,0.0077474332652700045,-0.012014941838319585,0.015193233887354532,0.7536027133464813,0.004539618889490764,0.5814117193222046
0.5,0.1,0.0,0.3,128,0,0.5156741142272949,0.3567984104156494,-0.1588757038116455,0.020925680191716246,0.009443473422196237,-0.011482206769520008,0.02218321959177653,1.0379122893015544,0.0071000754833221436,0.744749923547109
0.5,0.1,0.0,0.3,128,1,0.5166171789169312,0.3556479811668396,-0.16096919775009155,0.02095183965737773,0.010223269226944253,-0.010728570430433475,0.022202452023824055,1.0374874075253804,0.007587611675262451,0.7346027294794718
0.5,0.1,0.0,0.3,128,2,0.514116644859314,0.35523465275764465,-0.1588819921016693,0.021328213625947733,0.010114159729085678,-0.011214053896862055,0.02250083287556966,1.032478888829549,0.007652411858240764,0.7489514052867889
0.5,0.1,0.0,0.3,512,0,0.9815105199813843,0.5707567930221558,-0.4107537269592285,0.01326916320723992,0.010622618665409572,-0.0026465445418303486,0.02578922112782796,1.917756179968516,0.012136360009511312,1.1303653518358867
0.5,0.1,0.0,0.3,512,1,0.9814499020576477,0.5733237266540527,-0.40812617540359497,0.013439268999408803,0.010711588592491833,-0.0027276804069169703,0.02614017327626546,1.9189189871152241,0.012302915255228678,1.13625830411911
0.5,0.1,0.0,0.3,512,2,0.9815034866333008,0.569697380065918,-0.4118061065673828,0.013417285720545034,0.010784471396541156,-0.0026328143240038782,0.0260887344678243,1.9183234969774883,0.012301226456960043,1.128341277440389
0.5,0.1,0.0,0.3,1024,0,0.9627224802970886,0.509545624256134,-0.4531768560409546,0.07987912475284922,0.01153147273555094,-0.06834765201729828,0.15496458609898886,1.7850239475568135,0.012100805838902792,1.0372713009516399
0.5,0.1,0.0,0.3,1024,1,0.9626524448394775,0.5088503956794739,-0.45380204916000366,0.08112287249664969,0.011634405423731464,-0.06948846707291823,0.1574771205584208,1.7837401429812114,0.012176583210627237,1.0344246625900269
0.5,0.1,0.0,0.3,1024,2,0.9628011584281921,0.5091174840927124,-0.45368367433547974,0.08089277108199353,0.011629741132262091,-0.06926302994973144,0.15697085857391357,1.7835098107655842,0.012191245953241983,1.0360905528068542
0.5,0.1,0.0,0.6,64,0,0.4767208695411682,0.3443606495857239,-0.13236021995544434,0.04775687947820705,0.02072406449719287,-0.027032814981014182,0.04591870307922363,0.9155910015106201,0.014492104450861612,0.6847966114679972
0.5,0.1,0.0,0.6,64,1,0.4735244810581207,0.3365398645401001,-0.13698461651802063,0.04912203660690394,0.020305948986948995,-0.028816087619954942,0.046678771575291954,0.9035825530687968,0.013577143351236979,0.6550517082214355
0.5,0.1,0.0,0.6,64,2,0.47483155131340027,0.34005603194236755,-0.13477551937103271,0.050687558349677045,0.02176922572347068,-0.028918332626206366,0.048449933528900146,0.907404621442159,0.014687558015187582,0.6600060760974884
0.5,0.1,0.0,0.6,128,0,0.5935195088386536,0.3991587460041046,-0.19436076283454895,0.043372015480319895,0.018529260660477706,-0.02484275481984219,0.05174203713734945,1.1412400404612224,0.014843126138051351,0.7862210075060526
0.5,0.1,0.0,0.6,128,1,0.5909926295280457,0.3970734775066376,-0.19391915202140808,0.04362911410709878,0.01901232866034895,-0.024616785446749827,0.05191115538279215,1.137917160987854,0.015369832515716553,0.7930441598097483
0.5,0.1,0.0,0.6,128,2,0.5938245058059692,0.3991634249687195,-0.19466108083724976,0.04337841292434209,0.018643773197019393,-0.024734639727322694,0.05160858233769735,1.1381210287412007,0.014832615852355957,0.7807475328445435
0.5,0.1,0.0,0.6,512,0,0.9827103614807129,0.5890248417854309,-0.393685519695282,0.01607602468352368,0.014084539148420607,-0.0019914855351030724,0.030784447987874348,1.8841446836789448,0.016204237937927246,1.134294033050537
0.5,0.1,0.0,0.6,512,1,0.9826893210411072,0.5867666602134705,-0.3959226608276367,0.016188571441002716,0.01399165677842591,-0.0021969146625768054,0.031047920385996502,1.8868433833122253,0.01602025826772054,1.128966252009074
0.5,0.1,0.0,0.6,512,2,0.9827213287353516,0.5876678824424744,-0.3950534462928772,0.016188687314071113,0.014203421209741966,-0.001985266104329147,0.03102940320968628,1.8857043385505676,0.016304949919382732,1.1316543817520142
0.5,0.1,0.0,0.6,1024,0,0.966053307056427,0.526934027671814,-0.43911927938461304,0.08941614372965649,0.015017748606949512,-0.07439839512270698,0.17429620027542114,1.774973730246226,0.015809277693430584,1.0368969639142354
0.5,0.1,0.0,0.6,1024,1,0.9660304188728333,0.5268123149871826,-0.43921810388565063,0.09049553488061932,0.015165525678088118,-0.0753300092025312,0.17665845155715942,1.775464951992035,0.015980343023935955,1.0377479195594788
0.5,0.1,0.0,0.6,1024,2,0.9661166071891785,0.5271278619766235,-0.43898874521255493,0.09033248970680272,0.01536487784388396,-0.07496761186291875,0.17622315883636475,1.7746049364407857,0.016195436318715412,1.0378602147102356
0.5,0.1,0.0,0.85,64,0,0.7356641292572021,0.46883469820022583,-0.2668294310569763,0.06939659866738417,0.0238928225798064,-0.04550377608757777,0.09981195131937663,1.3384710947672527,0.020858357350031536,0.8521384298801422
0.5,0.1,0.0,0.85,64,1,0.7291203737258911,0.46390825510025024,-0.26521211862564087,0.06971340038942472,0.02496779441883131,-0.04474560597059341,0.09969458977381389,1.3303689161936443,0.021793256203333538,0.8510614236195883
0.5,0.1,0.0,0.85,64,2,0.7238107919692993,0.4682792127132416,-0.25553157925605774,0.06999525780864552,0.025576357484219474,-0.04441890032442604,0.09859593709309895,1.3100128769874573,0.022407939036687214,0.8537113070487976
0.5,0.1,0.0,0.85,128,0,0.7850876450538635,0.5046738982200623,-0.28041374683380127,0.05909186056744255,0.02609904676132644,-0.03299281380611611,0.08984088897705078,1.430518905321757,0.024483988682428997,0.9136341313521067
0.5,0.1,0.0,0.85,128,1,0.7807621955871582,0.5007249712944031,-0.2800372242927551,0.05881070424161034,0.02499985833757162,-0.033810845904038725,0.08927957216898601,1.4288041392962139,0.02322884400685628,0.9059301813443502
0.5,0.1,0.0,0.85,128,2,0.7827211618423462,0.49722611904144287,-0.2854950428009033,0.05929131569151951,0.02510714554840448,-0.034184170143115034,0.0896645188331604,1.4226061701774597,0.023006975650787354,0.8933447301387787
0.5,0.1,0.0,0.85,512,0,0.9843021035194397,0.6485595107078552,-0.3357425928115845,0.02445166952978563,0.022878733674751104,-0.0015729358550345268,0.04526666800181071,1.8060043851534526,0.02721792459487915,1.1624425252278645
0.5,0.1,0.0,0.85,512,1,0.9844253659248352,0.6460253596305847,-0.3384000062942505,0.02446030134687411,0.02276305787315625,-0.0016972434737178611,0.04538180430730184,1.8099430203437805,0.026976327101389568,1.158116082350413
0.5,0.1,0.0,0.85,512,2,0.9843651056289673,0.6469026207923889,-0.33746248483657837,0.024562615372365888,0.023093422945356844,-0.0014691924270090438,0.045545876026153564,1.8087304433186848,0.027405659357706707,1.1593244075775146
0.5,0.1,0.0,0.85,1024,0,0.9704387784004211,0.5897354483604431,-0.380703330039978,0.11081196298284796,0.024817390785786042,-0.08599457219706191,0.21823018789291382,1.751143713792165,0.02718619505564372,1.0682631731033325
0.5,0.1,0.0,0.85,1024,1,0.9705742001533508,0.5884036421775818,-0.38217055797576904,0.11154382407854857,0.024438133314522974,-0.08710569076402559,0.22011552254358926,1.753239115079244,0.026717642943064373,1.0665591061115265
0.5,0.1,0.0,0.85,1024,2,0.9705331921577454,0.587629497051239,-0.38290369510650635,0.11164384179818496,0.024512826156707666,-0.0871310156414773,0.22021027406056723,1.7522252003351848,0.026803831259409588,1.066657652457555
0.7,0.1,0.0,0.0,64,0,0.36250409483909607,0.26912495493888855,-0.09337913990020752,0.0166572334551982,0.009626742914395523,-0.0070304905408026756,0.012342353661855062,0.7286182443300883,0.00537725289662679,0.5531972249348959
0.7,0.1,0.0,0.0,64,1,0.3623179495334625,0.2683674395084381,-0.09395051002502441,0.015173132438515341,0.009280056797219337,-0.0058930756412960035,0.011295507351557413,0.7331458528836569,0.005251139402389526,0.5606009364128113
0.7,0.1,0.0,0.0,64,2,0.35974523425102234,0.2690238058567047,-0.09072142839431763,0.014014393103065665,0.009945246458332405,-0.004069146644733261,0.010353952646255493,0.7284545401732127,0.005643884340922038,0.5618517895539602
0.7,0.1,0.0,0.0,128,0,0.5031906366348267,0.34985899925231934,-0.15333163738250732,0.018806648017404424,0.010550148206277978,-0.008256499811126446,0.01945798595746358,1.0151754021644592,0.007891396681467691,0.7400977810223898
0.7,0.1,0.0,0.0,128,1,0.5048657059669495,0.3490777909755707,-0.15578791499137878,0.019100810764782535,0.011463613170953032,-0.007637197593829503,0.01983235279719035,1.0184666514396667,0.008433183034261068,0.7272147238254547
0.7,0.1,0.0,0.0,128,2,0.49884331226348877,0.3481816053390503,-0.15066170692443848,0.018696011134771113,0.00927472622504,-0.009421284909731114,0.0192105770111084,1.008312185605367,0.0068314770857493086,0.7297376592954
0.7,0.1,0.0,0.0,512,0,0.9753686189651489,0.5609558820724487,-0.4144127368927002,0.02897655813629951,0.021321194674972985,-0.007655363461326524,0.05591553449630737,1.8737661838531494,0.02420753240585327,1.1111665765444438
0.7,0.1,0.0,0.0,512,1,0.9752809405326843,0.5581374168395996,-0.4171435236930847,0.029441584518130014,0.021436400732197956,-0.008005183785932058,0.05684143304824829,1.873809854189555,0.024144033590952556,1.1021660168965657
0.7,0.1,0.0,0.0,512,2,0.9753716588020325,0.5594468116760254,-0.4159248471260071,0.02950870120963041,0.021801786105480545,-0.007706915104149864,0.05693715810775757,1.8725668787956238,0.02465281883875529,1.1061177849769592
0.7,0.1,0.0,0.0,1024,0,0.9587880373001099,0.4702657461166382,-0.4885222911834717,0.13751964960537882,0.02366086871100387,-0.11385878089437496,0.26566992203394574,1.6661988894144695,0.023317237695058186,0.9621595839659373
0.7,0.1,0.0,0.0,1024,1,0.9587292075157166,0.469105064868927,-0.48962414264678955,0.13964133802066492,0.023829590732020515,-0.1158117472886444,0.26987016201019287,1.6627249121665955,0.023409088452657063,0.958944688240687
0.7,0.1,0.0,0.0,1024,2,0.9588741660118103,0.46883389353752136,-0.49004027247428894,0.13919372803354063,0.023905821297694658,-0.11528790673584598,0.26887383063634235,1.662778079509735,0.023496727148691814,0.9593905309836069
0.7,0.1,0.0,0.3,64,0,0.37487226724624634,0.2757372260093689,-0.09913504123687744,0.03251783905240087,0.016510391458585655,-0.016007447593815213,0.024870226780573528,0.7399477163950602,0.009452025095621744,0.5630374352137247
0.7,0.1,0.0,0.3,64,1,0.37326374650001526,0.27336883544921875,-0.09989491105079651,0.031499050556322926,0.01729161000343349,-0.014207440552889437,0.02385331193606059,0.7334175109863281,0.009762813647588095,0.5548354883988699
0.7,0.1,0.0,0.3,64,2,0.37130799889564514,0.2759089171886444,-0.09539908170700073,0.03080298020873643,0.015432437803031464,-0.015370542405704967,0.023409833510716755,0.7365761597951254,0.008774330218633017,0.559789776802063
0.7,0.1,0.0,0.3,128,0,0.5143465399742126,0.3528958261013031,-0.16145071387290955,0.03424905469996184,0.0180423498129934,-0.01620670488696844,0.03602292140324911,1.0157702366511028,0.013410399357477823,0.729863037665685
0.7,0.1,0.0,0.3,128,1,0.5147899985313416,0.3513222634792328,-0.16346773505210876,0.03443397724098991,0.017651444070558676,-0.016782533170431237,0.03616690635681152,1.014159232378006,0.013000130653381348,0.7234909236431122
0.7,0.1,0.0,0.3,128,2,0.5116265416145325,0.35044094920158386,-0.1611855924129486,0.03455709442116053,0.017389073495210725,-0.017168020925949802,0.03606838981310526,1.0076648990313213,0.012972633043924967,0.7330494622389475
0.7,0.1,0.0,0.3,512,0,0.9757332801818848,0.5603180527687073,-0.4154152274131775,0.030901715069725277,0.023440105270956194,-0.007461609798769083,0.05913462241490682,1.854500989119212,0.026295582453409832,1.0955245693524678
0.7,0.1,0.0,0.3,512,1,0.9756296277046204,0.563975989818573,-0.41165363788604736,0.03126690323595282,0.02337101964962321,-0.00789588358632961,0.059894442558288574,1.8556915720303853,0.026430646578470867,1.104484776655833
0.7,0.1,0.0,0.3,512,2,0.9757097959518433,0.563035786151886,-0.4126740097999573,0.031344167123674785,0.02363594029890075,-0.007708226824774036,0.06001212199529012,1.8546063701311748,0.026661276817321777,1.1013360222180684
0.7,0.1,0.0,0.3,1024,0,0.9596885442733765,0.47296494245529175,-0.4867236018180847,0.14180175964766273,0.02569445084866995,-0.11610730879899278,0.27417771021525067,1.6593505541483562,0.025187234083811443,0.9550724426905314
0.7,0.1,0.0,0.3,1024,1,0.9596416354179382,0.4727555215358734,-0.4868861138820648,0.14382096073680012,0.026154119148894307,-0.11766684158790582,0.2783065636952718,1.6567838589350383,0.025670379400253296,0.9558338820934296
0.7,0.1,0.0,0.3,1024,2,0.9597920775413513,0.4723125100135803,-0.487479567527771,0.14339190520066966,0.026359710824907828,-0.11703219437576183,0.2773354450861613,1.6567726532618205,0.02579219142595927,0.9526780049006144
0.7,0.1,0.0,0.6,64,0,0.4807155430316925,0.34133896231651306,-0.13937658071517944,0.06630307426535592,0.03313759555165541,-0.033165478713700514,0.06305508812268575,0.8879579504330953,0.022550066312154133,0.6579478979110718
0.7,0.1,0.0,0.6,64,1,0.47764822840690613,0.3346700668334961,-0.14297816157341003,0.06913449805088226,0.03297747619791346,-0.0361570218529688,0.06516636411348979,0.8774363299210867,0.021703402201334637,0.6364246507485708
0.7,0.1,0.0,0.6,64,2,0.47832173109054565,0.34107616543769836,-0.1372455656528473,0.07028039525786826,0.033917949136066855,-0.03636244612180141,0.06654684742291768,0.8803295493125916,0.022902945677439373,0.6523426473140717
0.7,0.1,0.0,0.6,128,0,0.5959164500236511,0.39804911613464355,-0.19786733388900757,0.06467313418884396,0.032418759814434886,-0.032254374374409076,0.07570836941401164,1.094922532637914,0.025700996319452923,0.7670806050300598
0.7,0.1,0.0,0.6,128,1,0.5937899351119995,0.3980509042739868,-0.1957390308380127,0.06419376538823438,0.03132841008837864,-0.032865355299855736,0.07507886489232381,1.0944874385992687,0.024687737226486206,0.7633425891399384
0.7,0.1,0.0,0.6,128,2,0.5955195426940918,0.39823219180107117,-0.19728735089302063,0.06439238925993905,0.03221227639729303,-0.03218011286264602,0.0751888354619344,1.0924776593844097,0.02529802918434143,0.7600556313991547
0.7,0.1,0.0,0.6,512,0,0.9766815900802612,0.5803388357162476,-0.39634275436401367,0.039066860696860946,0.03166395060155353,-0.007402910095307413,0.0727407733599345,1.7892151673634846,0.035361667474110924,1.0814183553059895
0.7,0.1,0.0,0.6,512,1,0.9766783118247986,0.5801101922988892,-0.3965681195259094,0.03922199860174045,0.031926621381752215,-0.007295377219988235,0.07314425706863403,1.7917341192563374,0.03562694787979126,1.0802740255991619
0.7,0.1,0.0,0.6,512,2,0.9767046570777893,0.5779624581336975,-0.3987421989440918,0.03941398240779474,0.03177235043452366,-0.007641631973271085,0.07347029447555542,1.7905964652697246,0.03532872597376505,1.0766043066978455
0.7,0.1,0.0,0.6,1024,0,0.9624001383781433,0.4920090436935425,-0.47039109468460083,0.15739353831247593,0.03460228298890518,-0.12279125532357076,0.3055264353752136,1.635636071364085,0.033733874559402466,0.9411692718664805
0.7,0.1,0.0,0.6,1024,1,0.9624490737915039,0.49109533429145813,-0.4713537395000458,0.15912278957034806,0.03463684259546848,-0.12448594697487958,0.3093486428260803,1.6347389618555705,0.03368119398752848,0.9387282828489939
0.7,0.1,0.0,0.6,1024,2,0.9625411629676819,0.49015799164772034,-0.47238317131996155,0.15888617046838222,0.034348279535010996,-0.12453789093337123,0.3087162772814433,1.6342865427335103,0.03335012992223104,0.9375902016957601
0.7,0.1,0.0,0.85,64,0,0.7378911972045898,0.46769213676452637,-0.2701990604400635,0.09881426235055185,0.044987495259391316,-0.053826767091160535,0.13596832752227783,1.2400306860605876,0.0374051034450531,0.7940504650274912
0.7,0.1,0.0,0.85,64,1,0.7320736050605774,0.4629112482070923,-0.2691623568534851,0.09975555921134856,0.04437755535404019,-0.055378003857308365,0.13637924194335938,1.2307550112406414,0.036502679189046226,0.7860455413659414
0.7,0.1,0.0,0.85,64,2,0.7303907871246338,0.4619657099246979,-0.2684250771999359,0.10149105441007755,0.04498715928870302,-0.056503895121374534,0.13811874389648438,1.2227769990762074,0.03700737158457438,0.7856133977572123
0.7,0.1,0.0,0.85,128,0,0.7897645831108093,0.5031861662864685,-0.2865784168243408,0.09305481040451949,0.05051248657684467,-0.04254232382767482,0.1347851355870565,1.3136637409528096,0.044676770766576133,0.839793066183726
0.7,0.1,0.0,0.85,128,1,0.7859193086624146,0.49893471598625183,-0.2869845926761627,0.09101014557727448,0.04854220086014691,-0.042467944717127566,0.13133249680201212,1.311720867951711,0.04247528314590454,0.8325423796971639
0.7,0.1,0.0,0.85,128,2,0.7865123152732849,0.4977335035800934,-0.28877881169319153,0.09157770083712675,0.05105859242761094,-0.040519108409515815,0.13220179080963135,1.3114006320635478,0.0445099671681722,0.8272329668203989
0.7,0.1,0.0,0.85,512,0,0.9781973361968994,0.6418587565422058,-0.3363385796546936,0.06631464993762329,0.05602604762595721,-0.010288602311666076,0.11652135848999023,1.6405769387880962,0.06266035636266072,1.0557543635368347
0.7,0.1,0.0,0.85,512,1,0.978365957736969,0.6401312947273254,-0.33823466300964355,0.06644355362266038,0.05611584316578829,-0.010327710456872093,0.11691947778065999,1.642761806646983,0.06254031260808308,1.0519455273946126
0.7,0.1,0.0,0.85,512,2,0.9782926440238953,0.6392570734024048,-0.3390355706214905,0.06653804181392002,0.05587855715440224,-0.010659484659517778,0.11708641052246094,1.6426048477490742,0.06232577562332153,1.053053339322408
0.7,0.1,0.0,0.85,1024,0,0.9662221074104309,0.554050087928772,-0.41217201948165894,0.19215990230512245,0.05979305897484546,-0.13236684333027698,0.3755328257878621,1.5787397424379985,0.05867648124694824,0.9226494828859965
0.7,0.1,0.0,0.85,1024,1,0.9664531350135803,0.5523160696029663,-0.414137065410614,0.19338037111314585,0.05970064879304925,-0.1336797223200966,0.3784794807434082,1.5786968270937602,0.05836215615272522,0.9192177752653757
0.7,0.1,0.0,0.85,1024,2,0.9664122462272644,0.5519501566886902,-0.4144620895385742,0.19353910350998768,0.059666280933780375,-0.1338728225762073,0.3788074056307475,1.5784580707550049,0.058399359385172524,0.9203671813011169
0.9,0.1,0.0,0.0,64,0,0.35806769132614136,0.2638860046863556,-0.09418168663978577,0.030705868251818827,0.01856571753309267,-0.012140150718726157,0.022431105375289917,0.7080841561158498,0.01015456517537435,0.5367979109287262
0.9,0.1,0.0,0.0,64,1,0.35797029733657837,0.26245173811912537,-0.095518559217453,0.029462639216874448,0.019558943587843602,-0.009903695629030845,0.021603822708129883,0.7116578022638956,0.010627071062723795,0.5327085653940836
0.9,0.1,0.0,0.0,64,2,0.3544808626174927,0.2634683847427368,-0.09101247787475586,0.027916038103525293,0.01628066594152294,-0.011635372162002354,0.0203000803788503,0.7068833510080973,0.009011884530385336,0.5445210337638855
0.9,0.1,0.0,0.0,128,0,0.49871960282325745,0.34590309858322144,-0.152816504240036,0.03580520967014672,0.021402834290854263,-0.014402375379292457,0.03661027550697327,0.9858743250370026,0.01568583647410075,0.7172001103560129
0.9,0.1,0.0,0.0,128,1,0.5013259649276733,0.3406154215335846,-0.16071054339408875,0.036172655846224734,0.020985070215859998,-0.015187585630364736,0.03716270128885905,0.990207294623057,0.015230695406595865,0.7105565071105957
0.9,0.1,0.0,0.0,128,2,0.49435916543006897,0.3416093587875366,-0.15274980664253235,0.035801252956345724,0.020685078239059525,-0.015116174717286199,0.03635473052660624,0.9791049957275391,0.014933158953984579,0.7069958945115408
0.9,0.1,0.0,0.0,512,0,0.965551495552063,0.5455869436264038,-0.4199645519256592,0.06079286085399996,0.03995566228392258,-0.020837198570077375,0.11545624335606892,1.7837181289990742,0.04446778694788615,1.068460504213969
0.9,0.1,0.0,0.0,512,1,0.9653448462486267,0.546105682849884,-0.4192391633987427,0.06207605637183476,0.04036087566787788,-0.02171518070395688,0.11797640721003215,1.7825374801953633,0.044951299826304116,1.068783203760783
0.9,0.1,0.0,0.0,512,2,0.9655298590660095,0.5455252528190613,-0.42000460624694824,0.061634746473800926,0.04067637214907553,-0.020958374324725394,0.11701871951421101,1.7815648913383484,0.04527952273686727,1.06788569688797
0.9,0.1,0.0,0.0,1024,0,0.9520628452301025,0.42930588126182556,-0.522756963968277,0.20246610327203363,0.04485261666954082,-0.1576134866024928,0.3882572452227275,1.5293834805488586,0.04105378190676371,0.8742502729098002
0.9,0.1,0.0,0.0,1024,1,0.9519950747489929,0.4286406636238098,-0.5233544111251831,0.2053524097944534,0.04573488950159099,-0.1596175202928624,0.3940577308336894,1.524876316388448,0.041730682055155434,0.8707167406876882
0.9,0.1,0.0,0.0,1024,2,0.9521926045417786,0.42859363555908203,-0.5235989689826965,0.20470905940650888,0.045869794672501726,-0.15883926473400717,0.39256976048151654,1.525126318136851,0.041881819566090904,0.8711769779523214
0.9,0.1,0.0,0.3,64,0,0.37150606513023376,0.2696399390697479,-0.10186612606048584,0.05230765373006562,0.02769146706486025,-0.02461618666520537,0.03953881065050761,0.716350773970286,0.015810400247573853,0.5551380515098572
0.9,0.1,0.0,0.3,64,1,0.36982211470603943,0.2680065631866455,-0.10181555151939392,0.05123433193087109,0.029432946485258866,-0.021801385445612224,0.03825456897417704,0.7084043125311533,0.016511837641398113,0.5444866220156351
0.9,0.1,0.0,0.3,64,2,0.36694881319999695,0.2733355760574341,-0.09361323714256287,0.04919171877730338,0.02618929541682518,-0.023002423360478197,0.036760816971460976,0.7105360428492228,0.014866928259531656,0.5528050164381663
0.9,0.1,0.0,0.3,128,0,0.511633038520813,0.34699591994285583,-0.16463711857795715,0.0560038714051233,0.03176207744714649,-0.024241793957976807,0.05823127428690592,0.9815410276254019,0.023162702719370525,0.70609383781751
0.9,0.1,0.0,0.3,128,1,0.5122114419937134,0.34717196226119995,-0.16503947973251343,0.0562927237558374,0.031754979630553445,-0.024537744125283957,0.05843965212504069,0.9796989957491556,0.023157477378845215,0.7060975134372711
0.9,0.1,0.0,0.3,128,2,0.5084928274154663,0.34486711025238037,-0.16362571716308594,0.056532744041519076,0.03099059890354459,-0.025542145137974485,0.058207958936691284,0.9714246888955435,0.02237415313720703,0.6995916664600372
0.9,0.1,0.0,0.3,512,0,0.9658437967300415,0.5487327575683594,-0.41711103916168213,0.06504532994963287,0.04421516120005853,-0.020830168749574343,0.12211962540944417,1.7553345362345378,0.048890650272369385,1.0568533738454182
0.9,0.1,0.0,0.3,512,1,0.965674102306366,0.549680233001709,-0.415993869304657,0.06580996377144259,0.044508678614164715,-0.021301285157277874,0.12368148565292358,1.7556917667388916,0.04919662078221639,1.0561298529307048
0.9,0.1,0.0,0.3,512,2,0.9657717347145081,0.548164427280426,-0.41760730743408203,0.065497146893665,0.04508975863511334,-0.020407388258551658,0.12299237648646037,1.7548356254895527,0.04970502853393555,1.052652359008789
0.9,0.1,0.0,0.3,1024,0,0.952727198600769,0.43304377794265747,-0.5196834206581116,0.208381824928333,0.04967206868769259,-0.1587097562406404,0.39975976943969727,1.5186405976613362,0.04508445660273234,0.8625575602054596
0.9,0.1,0.0,0.3,1024,1,0.9527076482772827,0.43221333622932434,-0.5204943120479584,0.2111908129929581,0.049775002961865926,-0.16141581003109218,0.40555604298909503,1.5147739052772522,0.04507111509641012,0.86042586962382
0.9,0.1,0.0,0.3,1024,2,0.9528934359550476,0.43159037828445435,-0.5213030576705933,0.21054123611396564,0.0500355645594209,-0.16050567155454473,0.4040888746579488,1.515197257200877,0.045354982217152916,0.8610999087492625
0.9,0.1,0.0,0.6,64,0,0.48270630836486816,0.33735930919647217,-0.145346999168396,0.09750253410589416,0.053896419848912254,-0.0436061142569819,0.09137203296025594,0.8457526663939158,0.03528724114100138,0.6194360454877218
0.9,0.1,0.0,0.6,64,1,0.4803140163421631,0.33335384726524353,-0.14696016907691956,0.10121923898283854,0.05317187377200319,-0.048047365210835344,0.09415019551912944,0.8360108733177185,0.034209867318471275,0.6091729005177816
0.9,0.1,0.0,0.6,64,2,0.4794522225856781,0.33943185210227966,-0.14002037048339844,0.10204172773876957,0.05629007637691147,-0.0457516513618581,0.0952652891476949,0.8383262058099111,0.037033925453821816,0.6208782295385996
0.9,0.1,0.0,0.6,128,0,0.5970484018325806,0.39363184571266174,-0.20341655611991882,0.0995924018247926,0.05550890361532876,-0.04408349820946385,0.11410235365231831,1.0315910081068675,0.04247493545214335,0.7227164606253306
0.9,0.1,0.0,0.6,128,1,0.5971561074256897,0.3937967121601105,-0.20335939526557922,0.0979596621935615,0.05575053692902081,-0.042209125264540695,0.11247322956720988,1.035685380299886,0.04284022251764933,0.725586861371994
0.9,0.1,0.0,0.6,128,2,0.5956329107284546,0.39185774326324463,-0.20377516746520996,0.097996696366566,0.05643494904194697,-0.04156174732461902,0.11175033450126648,1.0285976429780324,0.04266106088956197,0.7132723033428192
0.9,0.1,0.0,0.6,512,0,0.96657794713974,0.5647854208946228,-0.4017925262451172,0.08286474915815742,0.061286066255086154,-0.021578682903071265,0.1498060623804728,1.6580321788787842,0.06576076149940491,1.0072524944941204
0.9,0.1,0.0,0.6,512,1,0.9665905833244324,0.5660156607627869,-0.4005749225616455,0.08336693826061714,0.06190302568938249,-0.02146391257123465,0.15093104044596353,1.6595113674799602,0.06655917565027873,1.0086576640605927
0.9,0.1,0.0,0.6,512,2,0.9666203260421753,0.5639126300811768,-0.40270769596099854,0.08349889400337442,0.06192609344236179,-0.02157280056101263,0.15109084049860635,1.658404270807902,0.06637339790662129,1.0054429272810619
0.9,0.1,0.0,0.6,1024,0,0.9547518491744995,0.451763391494751,-0.5029884576797485,0.22993939007316067,0.06717928271928768,-0.16276010735387297,0.44186071554819745,1.4797792236010234,0.05954110622406006,0.8267605006694794
0.9,0.1,0.0,0.6,1024,1,0.9548702239990234,0.4511403739452362,-0.5037298500537872,0.23233494876780733,0.06786622105539696,-0.1644687277124104,0.44717077414194745,1.4775107105573018,0.06016401449839274,0.8263449668884277
0.9,0.1,0.0,0.6,1024,2,0.9549694657325745,0.4502691328525543,-0.5047003328800201,0.23199695415118204,0.06762817044742597,-0.16436878370375607,0.4462983012199402,1.477426528930664,0.059847364823023476,0.8250999053319296
0.9,0.1,0.0,0.85,64,0,0.7392602562904358,0.46152663230895996,-0.27773362398147583,0.1467129585945558,0.08405754187194261,-0.06265541672261318,0.19310786326726279,1.1231212218602498,0.0649059812227885,0.7072553237279257
0.9,0.1,0.0,0.85,64,1,0.7302733063697815,0.4592982530593872,-0.2709750533103943,0.14871657180778894,0.08448041483792103,-0.06423615696986791,0.1934735377629598,1.1074812610944111,0.06527424852053325,0.7073811491330465
0.9,0.1,0.0,0.85,64,2,0.7313916683197021,0.4587256610393524,-0.27266600728034973,0.14675251790443408,0.0864264241687695,-0.06032609373566458,0.19147525231043497,1.113274097442627,0.0671735405921936,0.7100602885087332
0.9,0.1,0.0,0.85,128,0,0.7932668924331665,0.49785783886909485,-0.29540905356407166,0.1471731256693898,0.09644457446677188,-0.05072855120261793,0.20337243874867758,1.1784860889116924,0.07936050494511922,0.7435007641712824
0.9,0.1,0.0,0.85,128,1,0.7873407602310181,0.49440333247184753,-0.29293742775917053,0.1475084784671903,0.09601267190111334,-0.05149580656607697,0.2023169994354248,1.1692448357741039,0.07837239901224773,0.7378990103801092
0.9,0.1,0.0,0.85,128,2,0.7881148457527161,0.49348291754722595,-0.2946319282054901,0.14531621998680735,0.09843431925958372,-0.04688190072722363,0.19980543851852417,1.1751645306746166,0.08033619324366252,0.7358038872480392
0.9,0.1,0.0,0.85,512,0,0.9685300588607788,0.6268768906593323,-0.34165316820144653,0.14040977981853955,0.11371998742971122,-0.026689792388828334,0.2363791267077128,1.4471156199773152,0.118777334690094,0.925694594780604
0.9,0.1,0.0,0.85,512,1,0.968771755695343,0.6239683628082275,-0.3448033928871155,0.14072045693101284,0.11387608489369398,-0.02684437203731886,0.23691362142562866,1.4466626445452373,0.11833067735036214,0.9207872152328491
0.9,0.1,0.0,0.85,512,2,0.9686834216117859,0.6256279349327087,-0.34305548667907715,0.14091612434115794,0.11525486242424121,-0.025661261916916728,0.2374620040257772,1.4476681053638458,0.12028481562932332,0.9233571887016296
0.9,0.1,0.0,0.85,1024,0,0.9577766060829163,0.5146551728248596,-0.44312143325805664,0.2775737442653494,0.12240070024635895,-0.15517304401899046,0.5333455403645834,1.3881097535292308,0.10681241750717163,0.7658330599466959
0.9,0.1,0.0,0.85,1024,1,0.9580857753753662,0.512039840221405,-0.4460459351539612,0.27918773684674225,0.12256512142953013,-0.15662261541721212,0.5367962718009949,1.3859109282493591,0.10621644059816997,0.7603958497444788
0.9,0.1,0.0,0.85,1024,2,0.9580065608024597,0.5128058195114136,-0.44520074129104614,0.2793443473919897,0.12330304035981741,-0.15604130703217228,0.5374393363793691,1.3864919741948445,0.10729191700617473,0.7628562698761622
