rho_A,sigma,seed,R2_ridge,R2_mlp,R2_gap,Rhat_ridge,Rhat_mlp,Rhat_gap,drop_S_ridge,drop_E_ridge,drop_S_mlp,drop_E_mlp
0.3,0.0,0.0,0.8629059195518494,0.5750746130943298,-0.2878313064575195,0.034800434160435,0.0122594816910813,-0.0225409524693536,0.0645811160405476,1.7911749283472698,0.0158709685007731,1.278716266155243
0.3,0.0,1.0,0.862979531288147,0.5785365700721741,-0.2844429612159729,0.0347717384886619,0.0125520940393497,-0.0222196444493122,0.0645416975021362,1.791612188021342,0.0162197748819987,1.2759769558906555
0.3,0.0,2.0,0.8628165125846863,0.5760993957519531,-0.2867171168327331,0.0347457393962094,0.0124469606538469,-0.0222987787423625,0.0645359555880228,1.7928415735562642,0.0160644849141438,1.2745706637700398
0.3,0.05,0.0,0.851812481880188,0.5673232674598694,-0.2844892144203186,0.0349848808448005,0.0122744883525033,-0.0227103924922971,0.0645124713579813,1.7794975638389587,0.0157960851987202,1.2711076736450195
0.3,0.05,1.0,0.8518749475479126,0.5717728137969971,-0.2801021337509155,0.0349851309429746,0.012615156595128,-0.0223699743478466,0.06454598903656,1.7804089188575745,0.016211728254954,1.2688875198364258
0.3,0.05,2.0,0.8517737984657288,0.564914345741272,-0.2868594527244568,0.0349689278720538,0.0126363374252755,-0.0223325904467783,0.0645440220832824,1.7812095085779829,0.0162136952082316,1.2668871482213335
0.3,0.1,0.0,0.8192712068557739,0.5471814274787903,-0.2720897793769836,0.0355582030316648,0.0128983588905397,-0.022659844141125,0.0643593867619832,1.7456135948499043,0.0162894129753112,1.2466164429982505
0.3,0.1,1.0,0.819429337978363,0.542052149772644,-0.277377188205719,0.0356460384834,0.012765034019419,-0.0228810044639809,0.0645698904991149,1.7468485236167908,0.0160967707633972,1.2449081540107727
0.3,0.1,2.0,0.819381833076477,0.5476626753807068,-0.2717191576957702,0.0356025264233337,0.0128371150086438,-0.0227654114146899,0.0645053386688232,1.7473137974739077,0.0161581635475158,1.2425486048062642
0.3,0.2,0.0,0.700499415397644,0.4715728759765625,-0.2289265394210815,0.0380150659285024,0.0138493775269285,-0.0241656884015739,0.0641096433003743,1.622317612171173,0.0162396828333536,1.1563532948493958
0.3,0.2,1.0,0.7006930708885193,0.4637694358825683,-0.2369236350059509,0.0382629666883493,0.0136656310040309,-0.0245973356843184,0.0645869771639506,1.623389224211375,0.0159909824530283,1.1541695793469746
0.3,0.2,2.0,0.7007248997688293,0.4720642566680908,-0.2286606431007385,0.0380917961495695,0.014265178810014,-0.0238266173395554,0.0643013715744018,1.6237621506055195,0.0166803896427154,1.15262774626414
0.3,0.35,0.0,0.4450434148311615,0.3051271736621856,-0.1399162411689758,0.044875268033556,0.0174406560194807,-0.0274346120140752,0.0637724101543426,1.3573313057422638,0.0169439812501271,0.954578032096227
0.3,0.35,1.0,0.4450716972351074,0.3030219376087188,-0.1420497596263885,0.0452742043090404,0.0172668992750773,-0.028007305033963,0.0643856525421142,1.3577409982681274,0.016724944114685,0.9518881142139436
0.3,0.35,2.0,0.4454978406429291,0.2985187768936157,-0.1469790637493133,0.0449356256695611,0.0169782945069794,-0.0279573311625817,0.0639122029145558,1.3583936393260956,0.0163963834444681,0.9493297934532166
0.5,0.0,0.0,0.8556470274925232,0.5370399951934814,-0.3186070322990417,0.0933956271998518,0.0371188461656843,-0.0562767810341675,0.1726102431615193,1.6755516926447551,0.0458484590053558,1.1893316109975178
0.5,0.0,1.0,0.8558283448219299,0.5423011183738708,-0.3135272264480591,0.0934185500103164,0.0371733379640868,-0.0562452120462296,0.1727069814999898,1.6760369936625164,0.0458528697490692,1.1876352230707805
0.5,0.0,2.0,0.855708122253418,0.5391438007354736,-0.3165643215179443,0.093257618022193,0.0372411879370336,-0.0560164300851593,0.1725418965021769,1.6776221990585327,0.0458628932634989,1.1856470505396526
0.5,0.05,0.0,0.8448759317398071,0.5321685671806335,-0.3127073645591736,0.0938798458302541,0.0374946564903284,-0.0563851893399256,0.1724333564440409,1.6643118460973103,0.0460339983304341,1.1817142367362976
0.5,0.05,1.0,0.8450300693511963,0.5354791283607483,-0.309550940990448,0.0939284382595541,0.0375653434229828,-0.0563630948365712,0.1726287404696146,1.6652463873227437,0.0460626582304636,1.1801382501920064
0.5,0.05,2.0,0.8449435830116272,0.5320067405700684,-0.3129368424415588,0.0937918175814797,0.0374890751781031,-0.0563027424033765,0.1724605957667032,1.6662989060084026,0.0458706816037495,1.1777039567629497
0.5,0.1,0.0,0.8132479190826416,0.5098510384559631,-0.3033968806266784,0.0953998905403597,0.03837999952228,-0.0570198910180797,0.172067662080129,1.6315786639849346,0.0462103188037872,1.1578105092048645
0.5,0.1,1.0,0.8134810924530029,0.5158734321594238,-0.2976076602935791,0.095537476670629,0.0385954549724591,-0.0569420216981698,0.172477384408315,1.6328600645065308,0.0464300711949666,1.15656316280365
0.5,0.1,2.0,0.81341552734375,0.5118285417556763,-0.3015869855880737,0.0953836072237497,0.0380931063478276,-0.057290500875922,0.1722382108370463,1.633504052956899,0.0457046627998352,1.1541098753611247
0.5,0.2,0.0,0.6977501511573792,0.4338808059692383,-0.2638693451881408,0.1016478171669896,0.0413119771226575,-0.060335840044332,0.1711140076319376,1.5122867027918498,0.0460393329461415,1.0683913032213848
0.5,0.2,1.0,0.6980297565460205,0.4342633485794067,-0.2637664079666137,0.1019580209883388,0.041511538459274,-0.0604464825290647,0.171844204266866,1.5135965545972188,0.0462283690770467,1.0673986077308657
0.5,0.2,2.0,0.6981090307235718,0.429919958114624,-0.2681890726089477,0.1017237012839828,0.0412665130682327,-0.0604571882157501,0.1714660127957662,1.5141393144925437,0.0458596150080362,1.065443754196167
0.5,0.35,0.0,0.449237585067749,0.2771346569061279,-0.1721029281616211,0.1186337567565864,0.0506016392217985,-0.0680321175347879,0.1690897544225057,1.2562191883722942,0.0465148041645685,0.8727203210194906
0.5,0.35,1.0,0.4493354856967926,0.2716647088527679,-0.1776707768440246,0.1190514367305233,0.0507597863472771,-0.0682916503832462,0.1698445876439412,1.256804198026657,0.0465271174907684,0.8700866202513377
0.5,0.35,2.0,0.4499351680278778,0.2838979959487915,-0.1660371720790863,0.1187787437340769,0.0501797857738683,-0.0685989579602085,0.1695472995440165,1.257873922586441,0.0460237811009089,0.8711539308230082
0.7,0.0,0.0,0.8447502255439758,0.4847320318222046,-0.3600181937217712,0.1737339756524626,0.0798758572636031,-0.0938581183888594,0.3191611170768738,1.5179068247477214,0.0922456681728363,1.0626172820727031
0.7,0.0,1.0,0.8450274467468262,0.4847877919673919,-0.3602396547794342,0.1737709864536472,0.0805532065211205,-0.0932177799325267,0.3193048636118571,1.5181990265846252,0.0930127302805582,1.0616617302099864
0.7,0.0,2.0,0.8449680209159851,0.4911201000213623,-0.3538479208946228,0.1734743182564013,0.0799237477178718,-0.0935505705385294,0.3189983169237773,1.5198808908462524,0.0920599897702535,1.0597877701123557
0.7,0.05,0.0,0.834376871585846,0.4802666902542114,-0.3541101813316345,0.1745816971097805,0.0802940513250567,-0.0942876457847237,0.3188123106956482,1.5073373715082805,0.0921085576216379,1.055031935373942
0.7,0.05,1.0,0.8346365690231323,0.4811980128288269,-0.3534385561943054,0.1746351849011198,0.0809379821042887,-0.093697202796831,0.3190674384435017,1.5079838434855144,0.0929008722305297,1.0549022952715557
0.7,0.05,2.0,0.8346114158630371,0.4846603870391845,-0.3499510288238525,0.1743614195517422,0.0805257610956582,-0.0938356584560839,0.3187127709388733,1.509173075358073,0.0921457807223002,1.052156110604604
0.7,0.1,0.0,0.8039863109588623,0.4649963080883026,-0.3389900028705597,0.177201214949079,0.08193406311502,-0.095267151834059,0.31796795129776,1.4764212767283122,0.0921903848648071,1.0329873661200206
0.7,0.1,1.0,0.8043062090873718,0.4619532823562622,-0.3423529267311096,0.1773338002161822,0.0827185770248143,-0.0946152231913678,0.3184600075085957,1.477362374464671,0.0930767953395843,1.0321455995241802
0.7,0.1,2.0,0.804287314414978,0.4599203467369079,-0.34436696767807,0.1770273485818017,0.0822288395676339,-0.0947985090141677,0.3179678618907928,1.4781832098960876,0.0922810832659403,1.0299660960833232
0.7,0.2,0.0,0.6929644346237183,0.3908380270004272,-0.302126407623291,0.1876783107297188,0.0881127077407071,-0.0995656029890117,0.3150424659252167,1.3635876576105754,0.0916165113449096,0.948148508866628
0.7,0.2,1.0,0.6932719349861145,0.3908449113368988,-0.3024270236492157,0.1879985464332763,0.0879453396644707,-0.1000532067688056,0.3159673611323039,1.3647230863571167,0.0914533535639445,0.9484352171421052
0.7,0.2,2.0,0.6934665441513062,0.3928251564502716,-0.3006413877010345,0.1875909315909315,0.0879830273838192,-0.0996079042071123,0.3152970274289449,1.3654719988505046,0.0912063320477803,0.9454291959603628
0.7,0.35,0.0,0.4537169337272644,0.2296322435140609,-0.2240846902132034,0.2153710632445944,0.1054687888455883,-0.1099022743990061,0.3079644044240315,1.1219603021939597,0.0894496887922287,0.7586655666430792
0.7,0.35,1.0,0.4537617266178131,0.2349514663219452,-0.2188102602958679,0.2158101321825297,0.1067784225400614,-0.1090317096424683,0.3089225937922795,1.1225328743457794,0.0908762166897455,0.7601966361204783
0.7,0.35,2.0,0.4546776115894317,0.2391296327114105,-0.2155479788780212,0.2154316950342845,0.1059947637348353,-0.1094369312994491,0.3086310227711995,1.12398557861646,0.0901466757059097,0.7603356738885244
0.9,0.0,0.0,0.830234944820404,0.4332132637500763,-0.3970216810703277,0.2677102959938231,0.1435521084960197,-0.1241581874978034,0.4878670771916707,1.3345024188359578,0.1528849303722381,0.9121285478274028
0.9,0.0,1.0,0.8305453062057495,0.4319506287574768,-0.3985946774482727,0.2677048479015044,0.1438629013646868,-0.1238419465368175,0.487899233897527,1.3346274693806963,0.1530036230882009,0.9105341037114462
0.9,0.0,2.0,0.8304814100265503,0.4378196597099304,-0.3926617503166199,0.2672361951957421,0.1435516730544214,-0.1236845221413206,0.487310250600179,1.3362086415290833,0.1525822778542836,0.9103261133035024
0.9,0.05,0.0,0.8203127384185791,0.4266592562198639,-0.3936534821987152,0.2688722353229318,0.1440684567696263,-0.1248037785533054,0.487196534872055,1.324803630510966,0.1524361570676168,0.9056452612082164
0.9,0.05,1.0,0.8206520676612854,0.4272893369197845,-0.3933627307415008,0.2688792827774044,0.1448880993622429,-0.1239911834151615,0.4873607655366261,1.325202703475952,0.1531526843706766,0.9038884739081064
0.9,0.05,2.0,0.8206132054328918,0.4308044016361236,-0.3898088037967682,0.2684242525443155,0.1447430325728458,-0.1236812199714697,0.4866771697998047,1.3264122406641643,0.1528402169545491,0.9031015733877816
0.9,0.1,0.0,0.7913514375686646,0.4121394157409668,-0.3792120218276977,0.272431213579516,0.1465168615182835,-0.1259143520612324,0.4854238231976827,1.2963977853457134,0.1518623729546865,0.8846215605735779
0.9,0.1,1.0,0.7917584776878357,0.4073280394077301,-0.3844304382801056,0.2725116253230525,0.1470511876676863,-0.1254604376553661,0.4858372608820597,1.2969757119814556,0.1523621181646982,0.8837540845076243
0.9,0.1,2.0,0.791748583316803,0.4090262353420257,-0.3827223479747772,0.2720107906221025,0.1465517975153999,-0.1254589931067025,0.4849708179632823,1.297939399878184,0.1515419979890187,0.882508764664332
0.9,0.2,0.0,0.6855361461639404,0.3441670835018158,-0.3413690626621246,0.286417913791595,0.1557525538078635,-0.1306653599837315,0.4787329186995824,1.1927160223325093,0.1490221718947092,0.8077658116817474
0.9,0.2,1.0,0.6859009861946106,0.3406170606613159,-0.3452839255332947,0.2867067489766519,0.1558623270227251,-0.1308444219539267,0.4797042409578959,1.1934487024943037,0.1490243971347808,0.8071040014425913
0.9,0.2,2.0,0.6861739158630371,0.3335857689380646,-0.3525881469249725,0.2860719087009132,0.1556783556449444,-0.1303935530559687,0.4786116480827331,1.1944350004196167,0.1480557819207509,0.8029806117216746
0.9,0.35,0.0,0.4568356275558471,0.1976009607315063,-0.2592346668243408,0.3222990228914113,0.1821354116063501,-0.1401636112850612,0.4619828487435977,0.971415380636851,0.1420219168066978,0.6377381285031637
0.9,0.35,1.0,0.4568439424037933,0.1944578140974044,-0.2623861283063888,0.3227885466197289,0.1833498801391372,-0.1394386664805916,0.4631940140388906,0.9717825949192048,0.1426841417948404,0.6355227579673132
0.9,0.35,2.0,0.4580420255661011,0.1957042813301086,-0.2623377442359924,0.3221773789503894,0.1822720415473413,-0.139905337403048,0.4627189327341814,0.9735052188237509,0.1416448516150315,0.6354619959990183
