nl_S,nl_E,seed,rho,sigma,d,n,R2_ridge,R2_mlp,R2_gap,Rhat_ridge,Rhat_mlp,Rhat_gap,Ehat_ridge,Ehat_mlp,Ehat_gap,drop_S_ridge,drop_E_ridge,drop_S_mlp,drop_E_mlp,info_rms_lin_S,info_rms_lin_E,info_rms_res_S,info_rms_res_E,info_rms_noise,info_rms_Snext,info_v_S
0.0,0.0,0,0.7,0.3,16,8000,0.9572138786315918,0.9493656754493713,-0.007848203182220459,0.5243575364897667,0.5249896694996484,0.0006321330098817413,0.47564246351023326,0.4750103305003516,-0.0006321330098816857,0.9997139890367787,0.9068362547705571,0.9966061275452376,0.9017286120603482,1.0246741636792256,1.0082319505926318,1.0246741636769088,1.008231950589687,0.3006815359583377,1.4676993980255921,2.1372549019607843
0.0,0.0,1,0.7,0.3,16,8000,0.9532253742218018,0.9448917508125305,-0.00833362340927124,0.5712938269600384,0.5723698636002865,0.0010760366402481347,0.42870617303996156,0.4276301363997136,-0.0010760366402479682,1.0925427561004957,0.8198580165704091,1.0910097370545069,0.8151174133022626,1.0222359595607802,0.9215448572519856,1.0222359595584574,0.9215448572490494,0.29913744275123993,1.4097631248036218,2.1372549019607843
0.0,0.0,2,0.7,0.3,16,8000,0.9574293494224548,0.9499098062515259,-0.007519543170928955,0.5149740948453806,0.5134108337570531,-0.0015632610883274944,0.48502590515461946,0.4865891662429469,0.001563261088327439,0.9861362741018335,0.9287877657140294,0.979785292968154,0.9285992376001863,1.022779599847016,1.0114765096584162,1.0227795998448759,1.0114765096553426,0.30069175165640477,1.469854725980268,2.1372549019607843
0.0,0.0,3,0.7,0.3,16,8000,0.9568739533424377,0.9489046931266785,-0.007969260215759277,0.5337112782549791,0.5323120288248946,-0.0013992494300845149,0.46628872174502084,0.4676879711751054,0.0013992494300845704,1.0127416729927063,0.8848042741417885,1.0069553370277087,0.8847083536287149,1.0224696995565625,0.9757386699426752,1.0224696995542875,0.9757386699397798,0.3003490954080528,1.4458846585622585,2.1372549019607843
0.0,0.0,4,0.7,0.3,16,8000,0.9560112953186035,0.9476450681686401,-0.008366227149963379,0.5266159204206788,0.5262040692286334,-0.00041185119204545373,0.47338407957932105,0.47379593077136667,0.00041185119204562026,1.010608100766937,0.908452948431174,1.005846304198106,0.9056674278651674,1.022224549247996,1.0036613627378226,1.0222245492458715,1.003661362734887,0.2999295611365,1.46520251022476,2.1372549019607843
0.0,0.5,0,0.7,0.3,16,8000,0.8536709547042847,0.839347243309021,-0.014323711395263672,0.5227397506376412,0.5221742819833953,-0.0005654686542458931,0.4772602493623587,0.47782571801660473,0.0005654686542460041,0.8926416598881285,0.8149798837179939,0.8878963962197304,0.8124868414364755,1.0246741636792256,1.0082319505926318,1.0246741636769088,1.008231950589687,0.3006815359583377,1.5524246810143048,2.1372549019607843
0.0,0.5,1,0.7,0.3,16,8000,0.8601594567298889,0.8472611308097839,-0.01289832592010498,0.5714027109349377,0.5708002710363208,-0.0006024398986168578,0.4285972890650623,0.42919972896367925,0.0006024398986169688,0.984457864612341,0.7384213688472907,0.9786306756238142,0.7358581312000751,1.0222359595607802,0.9215448572519856,1.0222359595584574,0.9215448572490494,0.29913744275123993,1.4839441738602415,2.1372549019607843
0.0,0.5,2,0.7,0.3,16,8000,0.8586691617965698,0.8452311158180237,-0.013438045978546143,0.514183717290567,0.5117284673299723,-0.002455249960594652,0.485816282709433,0.4882715326700276,0.0024552499605945965,0.8806573373886446,0.8320716109902908,0.8731819441542029,0.8331564753403654,1.022779599847016,1.0114765096584162,1.0227795998448759,1.0114765096553426,0.30069175165640477,1.5538321219465143,2.1372549019607843
0.0,0.5,3,0.7,0.3,16,8000,0.85689377784729,0.8428425788879395,-0.014051198959350586,0.5329631360624747,0.5307638078789877,-0.0021993281834870038,0.46703686393752525,0.4692361921210123,0.0021993281834870593,0.9083115549137195,0.7959555762509505,0.90210938192904,0.7975343551486731,1.0224696995565625,0.9757386699426752,1.0224696995542875,0.9757386699397798,0.3003490954080528,1.525226420234528,2.1372549019607843
0.0,0.5,4,0.7,0.3,16,8000,0.8539634346961975,0.8406939506530762,-0.013269484043121338,0.5242508903602596,0.5220849651835647,-0.002165925176694894,0.4757491096397404,0.4779150348164353,0.0021659251766949494,0.8987772732973098,0.8156256773198645,0.891287162154913,0.8158816352486611,1.022224549247996,1.0036613627378226,1.0222245492458715,1.003661362734887,0.2999295611365,1.5477291966417472,2.1372549019607843
0.0,1.0,0,0.7,0.3,16,8000,0.646351158618927,0.9511001110076904,0.3047489523887634,0.5204465081163943,0.35493736608426213,-0.16550914203213213,0.4795534918836058,0.6450626339157378,0.16550914203213202,0.6770585706457496,0.6238600830237071,0.6805523147185644,1.2368347505728403,1.0246741636792256,1.0082319505926318,1.0246741636769088,1.008231950589687,0.3006815359583377,1.7816197940567984,2.1372549019607843
0.0,1.0,1,0.7,0.3,16,8000,0.6675586700439453,0.9486108422279358,0.2810521721839905,0.5699395004165505,0.3962024741223475,-0.173737026294203,0.43006049958344955,0.6037975258776525,0.1737370262942029,0.7617942454914252,0.5748287556072076,0.755036065975825,1.1506462941567104,1.0222359595607802,0.9215448572519856,1.0222359595584574,0.9215448572490494,0.29913744275123993,1.6856366797659936,2.1372549019607843
0.0,1.0,2,0.7,0.3,16,8000,0.6570448279380798,0.6368655562400818,-0.020179271697998047,0.513485482638299,0.508769893119974,-0.0047155895183249585,0.4865145173617011,0.4912301068800259,0.004715589518324792,0.672028097207658,0.6367296377817789,0.6628883002015452,0.6400352987882798,1.022779599847016,1.0114765096584162,1.0227795998448759,1.0114765096553426,0.30069175165640477,1.7832156279293212,2.1372549019607843
0.0,1.0,3,0.7,0.3,16,8000,0.6549258232116699,0.9500470757484436,0.2951212525367737,0.5319286323600927,0.36624009674373276,-0.16568853561635993,0.46807136763990737,0.6337599032562673,0.16568853561635993,0.6958496522158384,0.6123139056066672,0.6988148346543313,1.2092636113365491,1.0224696995565625,0.9757386699426752,1.0224696995542875,0.9757386699397798,0.3003490954080528,1.743009407922141,2.1372549019607843
0.0,1.0,4,0.7,0.3,16,8000,0.6502297520637512,0.950888991355896,0.3006592392921448,0.5217929267704124,0.35585369205503825,-0.1659392347153742,0.4782070732295875,0.6441463079449617,0.16593923471537425,0.6823597817992171,0.6253616279611985,0.6863865931828816,1.2424583464860917,1.022224549247996,1.0036613627378226,1.0222245492458715,1.003661362734887,0.2999295611365,1.774198692883383,2.1372549019607843
0.5,0.0,0,0.7,0.3,16,8000,0.8518660664558411,0.8364278078079224,-0.015438258647918701,0.522435408136911,0.5224631859188718,2.7777781960725e-05,0.4775645918630889,0.4775368140811282,-2.7777781960725e-05,0.887608249609669,0.8113735494514306,0.8837475646287203,0.8077545133108894,1.0246741636792256,1.0082319505926318,1.0246741636769088,1.008231950589687,0.3006815359583377,1.5536551791024051,2.1372549019607843
0.5,0.0,1,0.7,0.3,16,8000,0.8362991809844971,0.8218839168548584,-0.014415264129638672,0.567566401770154,0.568827234714717,0.0012608329445629174,0.43243359822984584,0.43117276528528303,-0.0012608329445628064,0.9547712276379268,0.7274482001860937,0.953419478237629,0.7226948497196038,1.0222359595607802,0.9215448572519856,1.0222359595584574,0.9215448572490494,0.29913744275123993,1.5012093067316192,2.1372549019607843
0.5,0.0,2,0.7,0.3,16,8000,0.8504279255867004,0.8362107872962952,-0.014217138290405273,0.5130827753525492,0.5115681343658836,-0.0015146409866656496,0.48691722464745085,0.48843186563411645,0.001514640986665594,0.874683245892326,0.830077248730231,0.8690046750629942,0.8297029196549072,1.022779599847016,1.0114765096584162,1.0227795998448759,1.0114765096553426,0.30069175165640477,1.556119030608547,2.1372549019607843
0.5,0.0,3,0.7,0.3,16,8000,0.84904545545578,0.8331555724143982,-0.015889883041381836,0.5326214139617542,0.5325513617504859,-7.005221126832328e-05,0.4673785860382457,0.46744863824951405,7.005221126832328e-05,0.8964848621437947,0.7866710130125284,0.8923195370783409,0.7832362893968821,1.0224696995565625,0.9757386699426752,1.0224696995542875,0.9757386699397798,0.3003490954080528,1.5340393243361845,2.1372549019607843
0.5,0.0,4,0.7,0.3,16,8000,0.8501930236816406,0.8356713652610779,-0.014521658420562744,0.5243749518074257,0.5259415450905797,0.0015665932831540053,0.47562504819257434,0.4740584549094204,-0.0015665932831539497,0.8943535972386598,0.8112076507881284,0.8924528331806262,0.8044141314302882,1.022224549247996,1.0036613627378226,1.0222245492458715,1.003661362734887,0.2999295611365,1.553093842334639,2.1372549019607843
0.5,0.5,0,0.7,0.3,16,8000,0.7709200978279114,0.7528016567230225,-0.018118441104888916,0.5212659195458305,0.5210139640505221,-0.0002519554953083203,0.47873408045416943,0.4789860359494779,0.0002519554953084868,0.8048215132206679,0.7391534198075533,0.8012655870368083,0.7366309806626911,1.0246741636792256,1.0082319505926318,1.0246741636769088,1.008231950589687,0.3006815359583377,1.6333072742006594,2.1372549019607843
0.5,0.5,1,0.7,0.3,16,8000,0.7640069723129272,0.7468246221542358,-0.017182350158691406,0.5679485069067775,0.5680830326669404,0.00013452576016292905,0.4320514930932226,0.4319169673330596,-0.00013452576016298456,0.8714349545538426,0.6629206145803134,0.8689682426551978,0.660681813210249,1.0222359595607802,0.9215448572519856,1.0222359595584574,0.9215448572490494,0.29913744275123993,1.571059550383549,2.1372549019607843
0.5,0.5,2,0.7,0.3,16,8000,0.7703668475151062,0.7532134652137756,-0.017153382301330566,0.5123187899805668,0.5098143882995251,-0.0025044016810417125,0.48768121001943326,0.490185611700475,0.0025044016810417125,0.7891950402408838,0.7512423898811297,0.7812320978691181,0.7511532482465555,1.022779599847016,1.0114765096584162,1.0227795998448759,1.0114765096553426,0.30069175165640477,1.6355884299542869,2.1372549019607843
0.5,0.5,3,0.7,0.3,16,8000,0.7695861458778381,0.7513284683227539,-0.01825767755508423,0.5319844904596143,0.5307144655297922,-0.001270024929822089,0.46801550954038584,0.46928553447020793,0.001270024929822089,0.8137740842998028,0.7159210457156102,0.8089441809803247,0.7153108252833287,1.0224696995565625,0.9757386699426752,1.0224696995542875,0.9757386699397798,0.3003490954080528,1.6088962843999406,2.1372549019607843
0.5,0.5,4,0.7,0.3,16,8000,0.7672285437583923,0.7485044598579407,-0.01872408390045166,0.522053140031605,0.521136141713507,-0.0009169983180979946,0.47794685996839514,0.47886385828649297,0.0009169983180978281,0.8037707251807054,0.7358632000784079,0.7960700130710999,0.7314962970558554,1.022224549247996,1.0036613627378226,1.0222245492458715,1.003661362734887,0.2999295611365,1.6318669748335721,2.1372549019607843
0.5,1.0,0,0.7,0.3,16,8000,0.5984863638877869,0.8925394415855408,0.2940530776977539,0.5197117729441018,0.3797042800364071,-0.14000749290769465,0.4802882270558982,0.6202957199635929,0.1400074929076947,0.6267193910976251,0.5791786156905194,0.6952364226182302,1.1357580095529556,1.0246741636792256,1.0082319505926318,1.0246741636769088,1.008231950589687,0.3006815359583377,1.8519737367081617,2.1372549019607843
0.5,1.0,1,0.7,0.3,16,8000,0.6081264019012451,0.5884085893630981,-0.019717812538146973,0.5671525036853854,0.5642637374531844,-0.0028887662322010232,0.4328474963146146,0.4357362625468156,0.0028887662322009677,0.6923885151743889,0.5284268928070863,0.6886170576016108,0.5317644978562991,1.0222359595607802,0.9215448572519856,1.0222359595584574,0.9215448572490494,0.29913744275123993,1.7627958761711955,2.1372549019607843
0.5,1.0,2,0.7,0.3,16,8000,0.6024705171585083,0.5808915495872498,-0.021578967571258545,0.5116759004782272,0.5069278859879799,-0.00474801449024731,0.48832409952177286,0.49307211401202,0.004748014490247143,0.6157679948257282,0.5876656518443876,0.6061554602036874,0.5895875181537121,1.022779599847016,1.0114765096584162,1.0227795998448759,1.0114765096553426,0.30069175165640477,1.8548139938470516,2.1372549019607843
0.5,1.0,3,0.7,0.3,16,8000,0.6022989153862,0.5804051756858826,-0.021893739700317383,0.5311295910654018,0.5285390203973352,-0.0025905706680665608,0.46887040893459825,0.47146097960266486,0.0025905706680666163,0.6384659924854835,0.563624802728494,0.6354075818012158,0.5667885802220554,1.0224696995565625,0.9757386699426752,1.0224696995542875,0.9757386699397798,0.3003490954080528,1.816549155764846,2.1372549019607843
0.5,1.0,4,0.7,0.3,16,8000,0.5975067615509033,0.5755013823509216,-0.02200537919998169,0.5198595273595685,0.5160098853818103,-0.003849641977758278,0.48014047264043136,0.48399011461818975,0.003849641977758389,0.6246203464455903,0.5768972050709029,0.6153649712602297,0.5771799560620517,1.022224549247996,1.0036613627378226,1.0222245492458715,1.003661362734887,0.2999295611365,1.8486609287618432,2.1372549019607843
1.0,0.0,0,0.7,0.3,16,8000,0.6438404321670532,0.6203778982162476,-0.023462533950805664,0.5175791499040655,0.5190472081924737,0.001468058288408236,0.48242085009593433,0.48095279180752637,-0.0014680582884079585,0.6663371900096535,0.6210740013668935,0.6644138126323621,0.6156505093512048,1.0246741636792256,1.0082319505926318,1.0246741636769088,1.008231950589687,0.3006815359583377,1.7884423051897018,2.1372549019607843
1.0,0.0,1,0.7,0.3,16,8000,0.6143831014633179,0.5938377380371094,-0.020545363426208496,0.561037984582291,0.5632992057001189,0.002261221117827894,0.43896201541770885,0.436700794299881,-0.0022612211178278385,0.6967097776631515,0.545113052179416,0.6983675306042035,0.5414132529248794,1.0222359595607802,0.9215448572519856,1.0222359595584574,0.9215448572490494,0.29913744275123993,1.7442218539183556,2.1372549019607843
1.0,0.0,2,0.7,0.3,16,8000,0.6412314772605896,0.6192806363105774,-0.021950840950012207,0.5098298955586924,0.5101317004147374,0.00030180485604502927,0.49017010444130765,0.4898682995852626,-0.00030180485604502927,0.6575697811165203,0.6322129225751268,0.6515837252760927,0.625701581138613,1.022779599847016,1.0114765096584162,1.0227795998448759,1.0114765096553426,0.30069175165640477,1.7904130848178759,2.1372549019607843
1.0,0.0,3,0.7,0.3,16,8000,0.6364545226097107,0.6130046844482422,-0.023449838161468506,0.530556373560403,0.5308186564180657,0.0002622828576627212,0.46944362643959703,0.46918134358193414,-0.0002622828576628877,0.6704346502820651,0.5932098627090454,0.664684563005964,0.5875030814359585,1.0224696995565625,0.9757386699426752,1.0224696995542875,0.9757386699397798,0.3003490954080528,1.7716356833749014,2.1372549019607843
1.0,0.0,4,0.7,0.3,16,8000,0.6442038416862488,0.9551115036010742,0.31090766191482544,0.5202586269586289,0.6796416530876139,0.15938302612898503,0.47974137304137116,0.320358346912386,-0.15938302612898514,0.6730962706108888,0.6206761643523351,1.3085002879301706,0.6167794267336527,1.022224549247996,1.0036613627378226,1.0222245492458715,1.003661362734887,0.2999295611365,1.7888135969874195,2.1372549019607843
1.0,0.5,0,0.7,0.3,16,8000,0.5969131588935852,0.5735086798667908,-0.023404479026794434,0.5170287987061183,0.5178596634468775,0.0008308647407592185,0.48297120129388166,0.48214033655312244,-0.0008308647407592185,0.6196662976716956,0.5788477874671419,0.6194860725353162,0.5767570725901654,1.0246741636792256,1.0082319505926318,1.0246741636769088,1.008231950589687,0.3006815359583377,1.8575094843754354,2.1372549019607843
1.0,0.5,1,0.7,0.3,16,8000,0.5748240351676941,0.5530585646629333,-0.021765470504760742,0.562002485988284,0.5624280312376185,0.00042554524933458016,0.43799751401171605,0.43757196876238164,-0.0004255452493344136,0.6519622559348742,0.5081078010300796,0.6493525139987468,0.5051996738960346,1.0222359595607802,0.9215448572519856,1.0222359595584574,0.9215448572490494,0.29913744275123993,1.804674233504807,2.1372549019607843
1.0,0.5,2,0.7,0.3,16,8000,0.5934702157974243,0.5702545642852783,-0.023215651512145996,0.5092019376331867,0.5080022059744255,-0.001199731658761194,0.4907980623668134,0.49199779402557453,0.0011997316587611384,0.6065250869762774,0.5846037013301005,0.6000747556487719,0.5811696338273274,1.022779599847016,1.0114765096584162,1.0227795998448759,1.0114765096553426,0.30069175165640477,1.8598235981235618,2.1372549019607843
1.0,0.5,3,0.7,0.3,16,8000,0.5900010466575623,0.5663436651229858,-0.023657381534576416,0.5301181083403295,0.5297717240454074,-0.00034638429492206413,0.4698818916596707,0.4702282759545925,0.0003463842949217866,0.6224541370446484,0.5517259697119395,0.6173665625353654,0.5479779330543049,1.0224696995565625,0.9757386699426752,1.0224696995542875,0.9757386699397798,0.3003490954080528,1.8367092906020135,2.1372549019607843
1.0,0.5,4,0.7,0.3,16,8000,0.5941239595413208,0.5700901746749878,-0.024033784866333008,0.5180609397469483,0.5183580689301044,0.00029712918315605297,0.4819390602530516,0.48164193106989545,-0.000297129183156164,0.6184752576363584,0.5753519742303372,0.6151540450751781,0.571581692143809,1.022224549247996,1.0036613627378226,1.0222245492458715,1.003661362734887,0.2999295611365,1.8582210566851574,2.1372549019607843
1.0,1.0,0,0.7,0.3,16,8000,0.4874275326728821,0.46386510133743286,-0.02356243133544922,0.5166179853887345,0.5156266550409948,-0.0009913303477396829,0.48338201461126545,0.48437334495900514,0.0009913303477396829,0.508641689720874,0.47591886393104993,0.5067268934100866,0.47601301822190484,1.0246741636792256,1.0082319505926318,1.0246741636769088,1.008231950589687,0.3006815359583377,2.0519315103560545,2.1372549019607843
1.0,1.0,1,0.7,0.3,16,8000,0.48164573311805725,0.4591776430606842,-0.022468090057373047,0.5624741974846504,0.5611172178323536,-0.0013569796522968636,0.4375258025153496,0.43888278216764637,0.0013569796522967525,0.5465140859285991,0.42511108083029586,0.5437855290869872,0.4253266489133239,1.0222359595607802,0.9215448572519856,1.0222359595584574,0.9215448572490494,0.29913744275123993,1.9738314934226335,2.1372549019607843
1.0,1.0,2,0.7,0.3,16,8000,0.48629820346832275,0.461822509765625,-0.024475693702697754,0.5088027420984274,0.5059140832375959,-0.00288865886083145,0.49119725790157265,0.4940859167624042,0.002888658860831561,0.49629718729799305,0.4791244176468657,0.48937316512068113,0.4779317218849125,1.022779599847016,1.0114765096584162,1.0227795998448759,1.0114765096553426,0.30069175165640477,2.055200959220232,2.1372549019607843
1.0,1.0,3,0.7,0.3,16,8000,0.4847862124443054,0.46050429344177246,-0.02428191900253296,0.5296545762005407,0.5282638410784812,-0.00139073512205945,0.47034542379945926,0.4717361589215187,0.00139073512205945,0.512994314233462,0.45555072867621976,0.5088987203935782,0.45444323266274295,1.0224696995565625,0.9757386699426752,1.0224696995542875,0.9757386699397798,0.3003490954080528,2.020975511422188,2.1372549019607843
1.0,1.0,4,0.7,0.3,16,8000,0.485061913728714,0.4610844552516937,-0.023977458477020264,0.5162498082914475,0.5130843090754288,-0.003165499216018719,0.4837501917085525,0.4869156909245711,0.003165499216018608,0.504318843052412,0.4725703198152284,0.4985454302902023,0.4731183323155468,1.022224549247996,1.0036613627378226,1.0222245492458715,1.003661362734887,0.2999295611365,2.051776053026392,2.1372549019607843
